CASE_ID,ACCIDENT_YEAR,PROC_DATE,JURIS,COLLISION_DATE,COLLISION_TIME,OFFICER_ID,REPORTING_DISTRICT,DAY_OF_WEEK,CHP_SHIFT,POPULATION,CNTY_CITY_LOC,SPECIAL_COND,BEAT_TYPE,CHP_BEAT_TYPE,CITY_DIVISION_LAPD,CHP_BEAT_CLASS,BEAT_NUMBER,PRIMARY_RD,SECONDARY_RD,DISTANCE,DIRECTION,INTERSECTION,WEATHER_1,WEATHER_2,STATE_HWY_IND,CALTRANS_COUNTY,CALTRANS_DISTRICT,STATE_ROUTE,ROUTE_SUFFIX,POSTMILE_PREFIX,POSTMILE,LOCATION_TYPE,RAMP_INTERSECTION,SIDE_OF_HWY,TOW_AWAY,COLLISION_SEVERITY,NUMBER_KILLED,NUMBER_INJURED,PARTY_COUNT,PRIMARY_COLL_FACTOR,PCF_CODE_OF_VIOL,PCF_VIOL_CATEGORY,PCF_VIOLATION,PCF_VIOL_SUBSECTION,HIT_AND_RUN,TYPE_OF_COLLISION,MVIW,PED_ACTION,ROAD_SURFACE,ROAD_COND_1,ROAD_COND_2,LIGHTING,CONTROL_DEVICE,CHP_ROAD_TYPE,PEDESTRIAN_ACCIDENT,BICYCLE_ACCIDENT,MOTORCYCLE_ACCIDENT,TRUCK_ACCIDENT,NOT_PRIVATE_PROPERTY,ALCOHOL_INVOLVED,STWD_VEHTYPE_AT_FAULT,CHP_VEHTYPE_AT_FAULT,COUNT_SEVERE_INJ,COUNT_VISIBLE_INJ,COUNT_COMPLAINT_PAIN,COUNT_PED_KILLED,COUNT_PED_INJURED,COUNT_BICYCLIST_KILLED,COUNT_BICYCLIST_INJURED,COUNT_MC_KILLED,COUNT_MC_INJURED,PRIMARY_RAMP,SECONDARY_RAMP,LATITUDE,LONGITUDE,COUNTY,CITY,POINT_X,POINT_Y
9570112,2023,2023-04-20,1942,2023-03-05,1410,38590,0181,7,5,7,1942,0,0,0,A,0,24TL52,"FIGUEROA ST","12TH ST",0.00,,Y,B,-,N,,,,,,,,,,N,4,0,1,2,A,-,08,22100,A,F,D,G,A,A,H,-,A,A,0,,Y,,,Y,,-,99,0,0,1,0,0,0,1,0,0,"- ","- ",,,"LOS ANGELES","LOS ANGELES",-118.26686096191406,34.041889190673828
9570221,2023,2023-04-13,1942,2023-02-16,0805,33998,0648,4,5,7,1942,0,0,0,F,0,27M24,"HOLLYWOOD BL","WESTERN AV",50.00,E,N,A,-,N,,,,,,,,,,N,2,0,1,2,A,-,05,21202,A,F,D,G,A,A,H,-,A,D,0,,Y,,,Y,,L,04,1,0,0,0,0,0,1,0,0,"- ","- ",,,"LOS ANGELES","LOS ANGELES",-118.30910491943359,34.101749420166016
9570316,2023,2023-04-10,1942,2023-01-15,1410,38590,0191,7,5,7,1942,0,0,0,A,0,24TL24,"FIGUEROA ST","WAHINGTON BL",175.00,N,N,B,-,N,,,,,,,,,,N,3,0,1,2,A,-,09,21801,A,F,D,G,A,A,H,-,A,A,0,,Y,,,Y,,-,99,0,1,0,0,0,0,1,0,0,"- ","- ",,,"LOS ANGELES","LOS ANGELES",-118.27177429199219,34.034805297851562
9570597,2023,2023-04-25,1942,2023-03-21,1635,35298,1375,2,5,7,1942,0,0,0,M,0,24MQ36,"CENTRAL AV","56TH ST",67.00,S,N,B,C,N,,,,,,,,,,N,3,0,1,2,A,-,21,22106,,F,D,G,A,B,H,-,A,D,0,,Y,,,Y,,-,99,0,1,0,0,0,0,1,0,0,"- ","- ",,,"LOS ANGELES","LOS ANGELES",-118.25645446777344,33.991874694824219
9570648,2023,2023-04-29,1976,2023-03-08,1058,595,,3,5,3,1964,0,0,0,,0,003,"ROSECRANS AV","MARYTON AV",0.00,,Y,A,-,N,,,,,,,,,,Y,3,0,1,2,A,-,09,21804,A,N,H,G,A,A,H,-,A,A,0,,Y,,,Y,,L,04,0,1,0,0,0,0,1,0,0,"- ","- ",,,"LOS ANGELES","SANTA FE SPRINGS",-118.05159759521484,33.902450561523438
9571022,2023,2023-04-26,1942,2023-03-27,1550,35298,0182,1,5,7,1942,0,0,0,A,0,24T58,"GRAND AV","11TH ST",18.00,S,N,A,-,N,,,,,,,,,,N,3,0,1,2,A,-,00,21760,B,N,B,G,A,A,H,-,A,A,0,,Y,,,Y,,I,20,0,1,0,0,0,0,1,0,0,"- ","- ",,,"LOS ANGELES","LOS ANGELES",-118.29019165039062,33.734199523925781
9571276,2023,2023-04-29,1953,2023-03-27,2107,1185,CA019,1,5,6,1953,0,0,0,,0,003,"WALNUT ST","HILL AV",40.00,,N,A,-,N,,,,,,,,,,N,3,0,1,2,A,-,08,22107,,N,D,-,A,A,H,-,C,A,0,,Y,,,Y,,A,01,0,1,0,0,0,0,1,0,0,"- ","- ",,,"LOS ANGELES",PASADENA,-118.12138366699219,34.149509429931641
9572088,2023,2023-04-28,1900,2023-03-18,1708,622114,0644,6,5,6,1985,0,0,0,,0,64T1,"BOUQUET CANYON RD","VALENCIA BL",0.00,,Y,A,-,N,,,,,,,,,,N,3,0,1,2,A,-,05,21650,1,N,D,G,A,A,H,-,A,A,0,,Y,,,Y,,L,04,0,1,0,0,0,0,1,0,0,"- ","- ",34.422809600830078,-118.54109954833984,"LOS ANGELES","SANTA CLARITA",-118.54115295410156,34.422588348388672
9572543,2023,2023-06-09,1900,2023-05-29,1645,630211,0453,1,5,6,1949,0,0,0,,0,43T1/P,"FIRESTONE BL","PIONEER BL",0.00,,Y,A,-,N,,,,,,,,,,Y,2,0,1,2,A,-,12,21453,A,N,D,G,A,A,H,-,A,A,0,,Y,,,Y,,L,04,1,0,0,0,0,0,1,0,0,"- ","- ",,,"LOS ANGELES",NORWALK,-118.08187103271484,33.912693023681641
9572639,2023,2023-05-10,1902,2023-04-15,0919,789,02,6,5,5,1902,0,0,0,,0,001,"SIERRA MADRE BL","OAKWOOD AV",0.00,,Y,A,-,N,,,,,,,,,,N,3,0,1,2,A,-,09,21801,A,N,D,G,A,A,H,-,A,D,0,,Y,,,Y,,A,07,0,1,0,0,0,0,1,0,0,"- ","- ",,,"LOS ANGELES",ARCADIA,-118.03072357177734,34.162090301513672
9572854,2023,2023-05-27,1902,2023-04-24,1750,756,35,1,5,5,1902,0,0,0,,0,005,"BALDWIN AV","LONGDEW AV",0.00,,Y,A,-,N,,,,,,,,,,N,4,0,1,2,A,-,05,21650,,N,D,G,A,A,H,-,-,A,0,,Y,,,Y,,L,04,0,0,1,0,0,0,1,0,0,"- ","- ",,,"LOS ANGELES",ARCADIA,-118.05377960205078,34.115013122558594
9572919,2023,2023-06-12,1900,2023-04-01,1014,644628,0463,6,5,4,1936,0,0,0,,0,46T1,"SANTA GERTRUDES AV","IMPERIAL HWY",696.00,S,N,A,-,N,,,,,,,,,,N,3,0,1,2,A,-,05,21650,1,N,H,G,A,A,H,-,A,D,0,,Y,,,Y,,L,04,0,1,0,0,0,0,1,0,0,"- ","- ",,,"LOS ANGELES","LA MIRADA",-117.99434661865234,33.915370941162109
9572952,2023,2023-05-12,1942,2023-03-23,1415,39028,1267,4,5,7,1942,0,0,0,L,0,25M88,"VERMONT AV","MANCHESTER AV",0.00,,Y,A,-,N,,,,,,,,,,N,2,0,1,2,A,-,12,21453,A,N,D,G,A,A,H,-,A,A,0,,Y,,,Y,,-,"- ",1,0,0,0,0,0,1,0,0,"- ","- ",,,"LOS ANGELES","LOS ANGELES",-118.29177093505859,33.960025787353516
9573136,2023,2023-05-31,1900,2023-04-10,1903,623598,1610,1,5,5,1977,0,0,0,,0,164T1,"AVALON BL","VICTORIA ST",813.00,N,N,A,-,N,,,,,,,,,,N,3,0,1,2,A,-,09,21801,A,N,A,G,A,A,H,-,A,A,0,,Y,,,Y,,A,07,0,1,0,0,0,0,1,0,0,"- ","- ",33.869319915771484,-118.26627349853516,"LOS ANGELES",CARSON,-118.26628112792969,33.869140625
9573866,2023,2023-05-01,1973,2023-01-11,0600,555,1973,3,5,1,1973,0,0,0,,0,001,"E VERNON AV","HAWTHORNE AV",155.00,W,N,A,-,N,,,,,,,,,,N,4,0,1,2,A,-,05,21650,1,N,D,G,A,A,H,-,C,D,0,,Y,,,Y,,L,04,0,0,1,0,0,0,1,0,0,"- ","- ",,,"LOS ANGELES",VERNON,-118.23712158203125,34.003929138183594
9574105,2023,2023-04-17,1941,2023-01-24,1440,10943,2,2,5,7,1941,0,0,0,,0,009,"LOMA AV",BROADWAY,8.00,W,N,A,-,N,,,,,,,,,,N,3,0,1,2,A,-,09,21804,A,N,D,G,A,A,H,-,A,A,0,,Y,,,Y,,A,07,0,1,0,0,0,0,1,0,0,"- ","- ",33.764450073242188,-118.15023040771484,"LOS ANGELES","LONG BEACH",-118.15026092529297,33.764450073242188
9574148,2023,2023-04-26,1900,2023-03-28,1650,608904,0463,2,5,4,1936,0,0,0,,0,46T1PM,"SANTA GERTRUDES AV","OLIVE BRANCH DR",0.00,,Y,A,-,N,,,,,,,,,,N,4,0,1,2,A,-,08,22107,,N,H,G,A,A,H,-,A,A,0,,Y,,,Y,,A,01,0,0,1,0,0,0,1,0,0,"- ","- ",,,"LOS ANGELES","LA MIRADA",-117.99430847167969,33.913043975830078
9574321,2023,2023-04-19,1942,2023-02-02,1650,44262,0398,4,5,7,1942,0,0,0,C,0,3A99,"FIGUEROA ST","42ND ST",0.00,,Y,A,-,N,,,,,,,,,,N,3,0,1,2,A,-,09,21801,A,N,A,G,A,A,H,-,A,D,0,,Y,,,Y,,L,04,0,1,0,0,0,0,1,0,0,"- ","- ",,,"LOS ANGELES","LOS ANGELES",-118.28275299072266,34.007049560546875
9574727,2023,2023-05-01,1900,2023-03-21,0818,629585,0331,2,5,4,1939,0,0,0,,0,35T1,"149TH ST","EASTWOOD AV",0.00,,Y,B,C,N,,,,,,,,,,N,2,0,1,2,A,-,12,22450,A,N,D,G,A,B,H,-,A,A,0,,Y,,,Y,,L,04,1,0,0,0,0,0,1,0,0,"- ","- ",,,"LOS ANGELES",LAWNDALE,-118.34754943847656,33.896438598632812
9575177,2023,2023-04-18,1942,2023-02-26,2207,39151,0328,7,5,7,1942,0,0,0,C,0,25T31,"JEFFERSON BL","FIGUEROA ST",10.00,W,N,A,-,N,,,,,,,,,,N,3,0,1,2,A,-,09,21453,B,F,D,G,A,B,H,-,C,A,0,,Y,,,Y,,-,99,0,1,0,0,0,0,1,0,0,"- ","- ",,,"LOS ANGELES","LOS ANGELES",-118.280029296875,34.021953582763672
9575198,2023,2023-05-04,1953,2023-02-17,1050,5478,1953,5,5,6,1953,0,0,0,,0,004,"ALTADENA DR","COOLEY PL",20.00,N,N,A,-,N,,,,,,,,,,N,3,0,1,1,A,-,03,22350,,N,H,G,A,A,H,-,A,D,0,,Y,,,Y,,L,04,0,1,0,0,0,0,1,0,0,"- ","- ",,,"LOS ANGELES",PASADENA,-118.098388671875,34.163005828857422
9575238,2023,2023-04-17,1900,2023-03-28,1911,627961,0649,2,5,6,1985,0,0,0,,0,64T1/P,"SHADOW VALLEY LN","STARWOOD WY",0.00,,Y,A,-,N,,,,,,,,,,N,3,0,1,2,A,-,09,21801,A,N,D,G,A,A,H,-,B,D,0,,Y,,,Y,,A,01,0,1,0,0,0,0,1,0,0,"- ","- ",34.462089538574219,-118.48763275146484,"LOS ANGELES","SANTA CLARITA",-118.4876708984375,34.462116241455078
9575363,2023,2023-07-11,1942,2023-01-23,2105,39151,0325,1,5,7,1942,0,0,0,C,0,25T35,"MENLO AV","29TH ST",0.00,,Y,A,-,N,,,,,,,,,,N,4,0,1,2,A,-,09,21802,A,F,D,G,A,A,H,-,C,A,0,,Y,,,Y,,-,99,0,0,1,0,0,0,1,0,0,"- ","- ",,,"LOS ANGELES","LOS ANGELES",-118.29032897949219,34.028404235839844
9575427,2023,2023-04-24,1942,2023-03-15,1340,41671,2046,3,5,7,1942,0,0,0,,0,27TL42,"JAMES M WOOD BL","NEW HAMPSHIRE AV",95.00,W,N,B,-,N,,,,,,,,,,N,3,0,1,2,A,-,08,22107,,F,H,G,A,A,H,-,A,D,0,,Y,,,Y,,-,99,0,1,0,0,0,0,1,0,0,"- ","- ",,,"LOS ANGELES","LOS ANGELES",-118.29320526123047,34.055950164794922
9575539,2023,2023-04-28,1941,2023-03-02,1150,11803,SOUTH,4,5,7,1941,0,0,0,,0,006,"EAST 6TH ST","N WAITE CT",0.00,,N,A,-,N,,,,,,,,,,N,3,0,1,2,A,-,09,21804,,F,D,G,A,A,H,-,A,D,0,,Y,,,Y,,-,99,0,1,0,0,0,0,1,0,0,"- ","- ",33.774139404296875,-118.19043731689453,"LOS ANGELES","LONG BEACH",-118.19042205810547,33.774147033691406
9576410,2023,2023-08-09,1976,2023-07-03,1329,492,,1,5,5,1976,0,0,0,,0,004,"WHITTIER BL","LA SERNA DR",276.00,E,N,A,-,Y,LA,7,72,-,-,1.560,H,-,S,N,3,0,1,2,A,-,08,22107,,N,H,G,A,A,H,-,A,D,0,,Y,,,Y,,A,07,0,1,0,0,0,0,1,0,0,"- ","- ",,,"LOS ANGELES",WHITTIER,-118.00180053710938,33.947280883789062
9576419,2023,2023-08-08,1900,2023-03-29,1251,655591,1321,3,5,5,1935,0,0,0,,0,132T2,"DEL AMO BL","LAKEWOOD BL",0.00,,Y,A,-,N,,,,,,,,,,N,4,0,1,2,A,-,08,22107,,N,D,G,A,A,H,-,A,A,0,,Y,,,Y,,A,01,0,0,1,0,0,0,1,0,0,"- ","- ",,,"LOS ANGELES",LAKEWOOD,-118.14241790771484,33.847183227539062
9576443,2023,2023-08-10,1900,2023-06-01,1835,643769,0332,4,5,4,1939,0,0,0,,0,35T1,"HAWTHORNE BL","156TH ST",16.00,S,N,A,-,N,,,,,,,,,,N,3,0,1,2,A,-,09,21802,A,N,B,G,A,A,H,-,A,D,0,,Y,,,Y,,A,01,0,1,0,0,0,0,1,0,0,"- ","- ",33.889598846435547,-118.35279846191406,"LOS ANGELES",LAWNDALE,-118.35273742675781,33.889606475830078
9576745,2023,2023-05-24,1941,2023-04-12,1448,11826,SOUTH,3,5,7,1941,0,0,0,,0,074,"E ANAHEIM ST","ATLANTIC AV",0.00,,Y,A,-,N,,,,,,,,,,Y,2,0,1,2,D,-,00,,,F,D,D,A,A,H,-,A,A,0,,Y,,,Y,,-,"- ",1,0,0,0,0,0,1,0,0,"- ","- ",33.782600402832031,-118.18502807617188,"LOS ANGELES","LONG BEACH",-118.18503570556641,33.782608032226562
9576767,2023,2023-06-07,1942,2023-05-02,0930,35393,0529,2,5,7,1942,0,0,0,E,0,25T21,"ANAHEIM ST","CRISTOBAL AV",3.00,W,N,A,-,N,,,,,,,,,,N,2,0,1,2,A,-,09,21802,A,N,D,G,A,A,H,-,A,A,0,,Y,,Y,Y,,F,26,1,0,0,0,0,0,1,0,0,"- ","- ",,,"LOS ANGELES","LOS ANGELES",-118.24279022216797,33.781070709228516
9576804,2023,2023-06-19,1931,2023-04-26,1505,5332,1931,3,5,5,1931,0,0,0,,0,001,"ALAMEDA ST","ZOE AV",100.00,N,N,A,-,N,,,,,,,,,,N,3,0,1,2,A,-,08,22107,,N,D,G,A,A,H,-,A,A,0,,Y,,Y,Y,,L,04,0,1,0,0,0,0,1,0,0,"- ","- ",,,"LOS ANGELES","HUNTINGTON PARK",-118.2354736328125,33.979759216308594
9576873,2023,2023-05-11,1900,2023-03-07,0415,602944,1410,2,5,1,1932,0,0,0,,0,141T1,"PELLISSIER PL","PECK RD",1957.00,N,N,A,-,N,,,,,,,,,,N,3,0,1,2,A,-,00,21760,B,F,B,G,A,A,H,-,C,D,0,,Y,,Y,Y,,G,25,0,1,0,0,0,0,1,0,0,"- ","- ",34.028221130371094,-118.03433227539062,"LOS ANGELES",INDUSTRY,-118.03787231445312,34.025218963623047
9577174,2023,2023-05-22,1956,2023-04-06,1416,1292,1,4,5,5,1956,0,0,0,,0,001,"PASEO DE LA PLAYA","CAMINO DE LA COSTA",203.00,W,N,A,-,N,,,,,,,,,,N,3,0,1,2,A,-,09,21804,A,N,D,G,A,A,H,-,A,D,0,,Y,,,Y,,L,04,0,1,0,0,0,0,1,0,0,"- ","- ",,,"LOS ANGELES","REDONDO BEACH",-118.38858795166016,33.815643310546875
9577217,2023,2023-05-19,1942,2023-04-21,1810,44030,1352,5,5,7,1942,0,0,0,M,0,13X94,"AVALON BL","43RD ST",10.00,E,N,A,-,N,,,,,,,,,,N,3,0,1,2,A,-,08,22107,,F,D,G,A,A,H,-,A,A,0,,Y,,,Y,,-,99,0,1,0,0,0,0,1,0,0,"- ","- ",,,"LOS ANGELES","LOS ANGELES",-118.26526641845703,34.005680084228516
9577664,2023,2023-05-04,1942,2023-01-27,0730,39129,1354,5,5,7,1942,0,0,0,M,0,24T22,"VERNON AV","MAIN ST",0.00,,Y,A,-,N,,,,,,,,,,N,3,0,1,2,A,-,09,21804,,N,D,G,A,A,H,-,A,A,0,,Y,,,Y,,L,04,0,1,0,0,0,0,1,0,0,"- ","- ",,,"LOS ANGELES","LOS ANGELES",-118.27400970458984,34.003826141357422
9577667,2023,2023-05-01,1942,2023-01-19,1120,38380,1171,4,5,7,1942,0,0,0,K,0,24MQ68,"FOUNTAIN AV","MYRA AV",134.00,E,N,A,-,N,,,,,,,,,,Y,4,0,1,1,A,-,03,22350,,N,H,-,A,A,A,-,A,A,0,,Y,,,Y,,L,04,0,0,1,0,0,0,1,0,0,"- ","- ",,,"LOS ANGELES","LOS ANGELES",-118.28010559082031,34.095790863037109
9578227,2023,2023-05-08,1942,2023-01-22,1444,44709,0315,7,5,7,1942,0,0,0,C,0,3A32,"WESTERN AV","W 27TH ST",0.00,,Y,A,-,N,,,,,,,,,,N,3,0,1,2,A,-,08,22107,,F,B,G,A,A,H,-,A,A,0,,Y,,,Y,,A,01,0,1,0,0,0,0,1,0,0,"- ","- ",,,"LOS ANGELES","LOS ANGELES",-118.3089599609375,34.030864715576172
9578397,2023,2023-05-12,1942,2023-04-09,0450,42640,0657,7,5,7,1942,0,0,0,F,0,27T31W,"WESTERN AV","SANTA MONICA BL",30.00,S,N,B,-,N,,,,,,,,,,N,2,0,1,2,A,-,05,21650,,N,D,G,A,A,H,-,C,D,0,,Y,,,Y,,L,04,1,0,0,0,0,0,1,0,0,"- ","- ",,,"LOS ANGELES","LOS ANGELES",-118.30917358398438,34.090686798095703
9578538,2023,2023-05-26,1942,2023-04-20,1425,36023,0423,4,5,7,1942,0,0,0,D,0,24TL51,"MISSION RD","MARENGO ST",345.00,W,N,A,-,N,,,,,,,,,,N,3,0,1,2,A,-,12,21453,A,F,G,G,A,A,H,-,A,A,0,,Y,,,Y,,-,"- ",0,1,0,0,0,0,1,0,0,"- ","- ",,,"LOS ANGELES","LOS ANGELES",-118.21523284912109,34.059959411621094
9578540,2023,2023-05-26,1942,2023-04-23,2245,40730,1125,7,5,7,1942,0,0,0,K,0,24T32,"YORK BL","TONAWANDA AV",0.00,,Y,A,-,N,,,,,,,,,,N,3,0,1,2,A,-,08,22107,,F,C,G,A,A,H,-,C,A,0,,Y,,,Y,,-,"- ",0,1,0,0,0,0,1,0,0,"- ","- ",,,"LOS ANGELES","LOS ANGELES",-118.21717834472656,34.123447418212891
9578743,2023,2023-05-15,1953,2023-04-19,1638,3553,1953,3,5,6,1953,0,0,0,,0,001,"EL MOLINO AV","CORDOVA ST",0.00,,Y,A,-,N,,,,,,,,,,Y,3,0,1,1,A,-,03,22350,,N,E,A,A,A,H,-,A,A,0,,Y,,,Y,,L,04,0,1,0,0,0,0,1,0,0,"- ","- ",,,"LOS ANGELES",PASADENA,-118.13687133789062,34.142543792724609
9578871,2023,2023-05-30,1953,2023-04-22,1336,7777,1953,6,5,6,1953,0,0,0,,0,001,"SECO ST","N ARROYO BL",0.00,,Y,A,-,N,,,,,,,,,,N,3,0,1,2,A,-,09,21802,A,N,D,G,A,A,H,-,A,D,0,,Y,,,Y,,A,08,0,1,0,0,0,0,1,0,0,"- ","- ",,,"LOS ANGELES",PASADENA,-118.16746520996094,34.156234741210938
9578922,2023,2023-05-24,1900,2023-03-27,1805,635593,0972,1,5,4,1979,0,0,0,,0,93T1,"SANTA MONICA BL","WESTMOUNT DR",245.00,E,N,A,-,N,,,,,,,,,,N,3,0,1,2,A,-,17,22517,,M,B,G,A,A,H,-,A,D,0,,Y,,,Y,,D,22,0,1,0,0,0,0,1,0,0,"- ","- ",34.088348388671875,-118.37824249267578,"LOS ANGELES","WEST HOLLYWOOD",-118.37837982177734,34.088424682617188
9579495,2023,2023-05-17,1906,2023-04-18,1546,2873,,2,5,5,1906,0,0,0,,0,,"CLARK ST","MAZNE AV",276.00,W,N,A,-,N,,,,,,,,,,N,4,0,1,2,A,-,05,21650,1,N,D,G,A,A,H,-,A,D,0,,Y,,,Y,,L,04,0,0,1,0,0,0,1,0,0,"- ","- ",,,"LOS ANGELES","BALDWIN PARK",-117.96135711669922,34.090461730957031
9579567,2023,2023-05-16,1961,2023-02-15,0800,10334,1961,3,5,3,1961,0,0,0,,0,001,"HAGAR ST","LIBRARY ST",0.00,,Y,A,-,N,,,,,,,,,,N,3,0,1,2,A,-,05,21202,A,N,D,G,A,A,H,-,A,D,0,,Y,,,Y,,L,04,0,1,0,0,0,0,1,0,0,"- ","- ",,,"LOS ANGELES","SAN FERNANDO",-118.43605804443359,34.288417816162109
9579574,2023,2023-05-15,1961,2023-01-13,1744,10515,1961,5,5,3,1961,0,0,0,,0,001,"4TH ST","PARK AV",0.00,,Y,A,-,N,,,,,,,,,,N,3,0,1,2,D,-,00,,,N,-,G,A,A,H,-,C,A,0,,Y,,,Y,,-,"- ",0,1,0,0,0,0,1,0,0,"- ","- ",,,"LOS ANGELES","SAN FERNANDO",-118.43266296386719,34.282474517822266
9580068,2023,2023-06-14,1910,2023-05-15,2241,04953,,1,5,4,1910,0,0,0,,0,005,"S BEDFORD DR","WILSHIRE BL",21.00,N,N,A,-,N,,,,,,,,,,N,4,0,1,2,A,-,05,21460,A,N,D,G,A,A,H,-,C,A,0,,Y,,,Y,,L,04,0,0,1,0,0,0,1,0,0,"- ","- ",,,"LOS ANGELES","BEVERLY HILLS",-118.40451812744141,34.067081451416016
9580089,2023,2023-06-15,1928,2023-05-14,2133,50423,520,7,5,5,1928,0,0,0,,0,503,"KORNBLUM AV","LISSO ST",180.00,N,N,A,-,N,,,,,,,,,,N,4,0,1,2,A,-,06,21750,,N,D,G,A,A,H,-,C,D,0,,Y,,,Y,,L,04,0,0,1,0,0,0,1,0,0,"- ","- ",33.906658172607422,-118.33744812011719,"LOS ANGELES",HAWTHORNE,-118.33737945556641,33.907142639160156
9580093,2023,2023-06-15,1900,2023-05-08,1104,647475,0648,1,5,6,1985,0,0,0,,0,64T1,"COPPER HILL DR","AVENIDA RANCHO TESORO",565.00,W,N,A,-,N,,,,,,,,,,N,4,0,1,2,A,-,05,21650,1,N,D,G,A,A,H,-,A,A,0,,Y,,,Y,,L,04,0,0,1,0,0,0,1,0,0,"- ","- ",34.46295166015625,-118.55779266357422,"LOS ANGELES","SANTA CLARITA",-118.55767059326172,34.463104248046875
9580139,2023,2023-06-13,1938,2023-04-25,1643,1132,,2,5,4,1938,0,0,0,,0,,"WHITE AV","FOOTHILL BL",151.00,S,N,A,-,N,,,,,,,,,,N,3,0,1,2,A,-,09,21804,A,N,D,G,A,A,H,-,A,D,0,,Y,,,Y,,A,01,0,1,0,0,0,0,1,0,0,"- ","- ",34.111721038818359,-117.76152038574219,"LOS ANGELES","LA VERNE",-117.76188659667969,34.111751556396484
9580532,2023,2023-06-05,1941,2023-02-10,1614,11524,EAST,5,5,7,1941,0,0,0,,0,011,"E ANAHEIM ST","GLADYS AV",37.00,W,N,A,-,N,,,,,,,,,,N,3,0,1,2,-,-,"- ",,,N,B,G,A,A,H,-,A,D,0,,Y,,,Y,,-,"- ",0,1,0,0,0,0,1,0,0,"- ","- ",33.782600402832031,-118.1578369140625,"LOS ANGELES","LONG BEACH",-118.15798187255859,33.782600402832031
9580668,2023,2023-06-16,1902,2023-05-31,1716,756,12,3,5,5,1902,0,0,0,,0,003,"COLORADO BL","SAN ANTONIO RD",75.00,W,N,A,-,N,,,,,,,,,,N,3,0,1,2,A,-,17,22517,,N,-,G,A,-,H,-,A,D,0,,Y,,,Y,,A,01,0,1,0,0,0,0,1,0,0,"- ","- ",,,"LOS ANGELES",ARCADIA,-118.03548431396484,34.145439147949219
9580884,2023,2023-06-22,1900,2023-05-04,1201,653913,1336,4,5,5,1908,0,0,0,,0,133T2,"ARTESIA BL","PALO VERDE AV",0.00,,Y,A,-,N,,,,,,,,,,N,3,0,1,2,D,-,00,,,N,G,B,A,A,H,-,A,D,0,,Y,,,Y,,-,"- ",0,1,0,0,0,0,1,0,0,"- ","- ",,,"LOS ANGELES",BELLFLOWER,-118.10853576660156,33.872905731201172
9580920,2023,2023-06-22,1900,2023-05-27,1605,514671,2607,6,5,6,1950,0,0,0,,0,264T1,"FORT TEJON RD","ESSEX DR",0.00,,Y,A,-,N,,,,,,,,,,N,2,0,1,2,A,-,05,21650,1,N,D,G,A,A,H,-,A,A,0,,Y,,,Y,,L,04,1,0,0,0,0,0,1,0,0,"- ","- ",34.552238464355469,-118.04324340820312,"LOS ANGELES",PALMDALE,-118.04322814941406,34.552097320556641
9581451,2023,2023-06-28,1900,2023-05-09,1552,629493,0453,2,5,6,1949,0,0,0,,0,0453,"KALNOR AV","FIRESTONE BL",3.00,N,N,A,-,N,,,,,,,,,,,4,0,1,2,A,-,12,22450,A,N,D,G,A,A,H,-,A,A,0,,Y,,,Y,,A,01,0,0,1,0,0,0,1,0,0,"- ","- ",,,"LOS ANGELES",NORWALK,-118.07724761962891,33.910205841064453
9581860,2023,2023-05-23,1900,2023-04-30,1500,606099,0974,7,5,4,1979,0,0,0,,0,92T1,"STANLEY AV","SANTA MONICA BL",137.00,S,N,A,-,N,,,,,,,,,,N,4,0,1,2,A,-,09,21804,,N,D,G,A,A,H,-,A,A,0,,Y,,,Y,,L,04,0,0,1,0,0,0,1,0,0,"- ","- ",34.090339660644531,-118.35698699951172,"LOS ANGELES","WEST HOLLYWOOD",-118.35637664794922,34.090423583984375
9582053,2023,2023-06-02,1900,2023-05-05,0827,651200,2113,5,5,5,1943,0,0,0,,0,212B,"ABBOT RD","ALEXANDER AV",0.00,,Y,A,-,N,,,,,,,,,,N,4,0,1,2,A,-,"- ",,,F,D,G,A,A,H,-,A,A,0,,Y,,,Y,,A,01,0,0,1,0,0,0,1,0,0,"- ","- ",,,"LOS ANGELES",LYNWOOD,-118.19557189941406,33.935131072998047
9582274,2023,2023-05-31,1942,2023-04-26,2340,43477,0307,3,5,7,1942,0,0,0,C,0,25T31,"ADAMS BL","CRENSHAW BL",160.00,W,N,B,-,N,,,,,,,,,,N,3,0,1,1,C,-,18,,,N,E,I,A,A,C,-,C,D,0,,Y,,,Y,,-,"- ",0,1,0,0,0,0,1,0,0,"- ","- ",,,"LOS ANGELES","LOS ANGELES",-118.33554077148438,34.032581329345703
9582276,2023,2023-05-31,1942,2023-04-19,2000,42364,0311,3,5,7,1942,0,0,0,C,0,25TL33,"JEFFERSON BL","CLYDE AV",255.00,W,N,-,-,N,,,,,,,,,,N,2,0,1,2,A,-,07,21658,A,N,D,G,A,A,H,-,C,A,0,,Y,,,Y,,L,04,1,0,0,0,0,0,1,0,0,"- ","- ",,,"LOS ANGELES","LOS ANGELES",-118.36943817138672,34.026382446289062