CASE_ID,ACCIDENT_YEAR,PROC_DATE,JURIS,COLLISION_DATE,COLLISION_TIME,OFFICER_ID,REPORTING_DISTRICT,DAY_OF_WEEK,CHP_SHIFT,POPULATION,CNTY_CITY_LOC,SPECIAL_COND,BEAT_TYPE,CHP_BEAT_TYPE,CITY_DIVISION_LAPD,CHP_BEAT_CLASS,BEAT_NUMBER,PRIMARY_RD,SECONDARY_RD,DISTANCE,DIRECTION,INTERSECTION,WEATHER_1,WEATHER_2,STATE_HWY_IND,CALTRANS_COUNTY,CALTRANS_DISTRICT,STATE_ROUTE,ROUTE_SUFFIX,POSTMILE_PREFIX,POSTMILE,LOCATION_TYPE,RAMP_INTERSECTION,SIDE_OF_HWY,TOW_AWAY,COLLISION_SEVERITY,NUMBER_KILLED,NUMBER_INJURED,PARTY_COUNT,PRIMARY_COLL_FACTOR,PCF_CODE_OF_VIOL,PCF_VIOL_CATEGORY,PCF_VIOLATION,PCF_VIOL_SUBSECTION,HIT_AND_RUN,TYPE_OF_COLLISION,MVIW,PED_ACTION,ROAD_SURFACE,ROAD_COND_1,ROAD_COND_2,LIGHTING,CONTROL_DEVICE,CHP_ROAD_TYPE,PEDESTRIAN_ACCIDENT,BICYCLE_ACCIDENT,MOTORCYCLE_ACCIDENT,TRUCK_ACCIDENT,NOT_PRIVATE_PROPERTY,ALCOHOL_INVOLVED,STWD_VEHTYPE_AT_FAULT,CHP_VEHTYPE_AT_FAULT,COUNT_SEVERE_INJ,COUNT_VISIBLE_INJ,COUNT_COMPLAINT_PAIN,COUNT_PED_KILLED,COUNT_PED_INJURED,COUNT_BICYCLIST_KILLED,COUNT_BICYCLIST_INJURED,COUNT_MC_KILLED,COUNT_MC_INJURED,PRIMARY_RAMP,SECONDARY_RAMP,LATITUDE,LONGITUDE,COUNTY,CITY,POINT_X,POINT_Y
9660839,2023,2024-03-15,1900,2023-11-28,0740,632839,0262,2,5,4,1917,0,0,0,,0,26T,"CLARA ST","WILCOX AV",600.00,E,N,A,-,N,,,,,,,,,,N,3,0,1,2,A,-,09,21804,A,N,H,G,A,A,H,-,A,D,0,,Y,,,Y,,-,"- ",0,1,0,0,0,0,1,0,0,"- ","- ",,,"LOS ANGELES",CUDAHY,-118.17661285400391,33.964488983154297
9661080,2023,2024-01-29,1946,2023-11-27,0914,P58,1946,1,5,4,1946,0,0,0,,0,003,"E COLORADO BL","S CANYON BL",17.00,E,N,A,-,N,,,,,,,,,,N,4,0,1,2,A,-,12,22450,A,N,D,G,A,A,H,-,A,D,0,,Y,,,Y,,L,04,0,0,1,0,0,0,1,0,0,"- ","- ",,,"LOS ANGELES",MONROVIA,-117.99652099609375,34.145950317382812
9661132,2023,2024-08-30,1900,2023-10-17,1715,659156,02662,2,5,4,1917,0,0,0,,0,026,"ELIZABETH ST","WILCOX AV",415.00,W,N,A,-,N,,,,,,,,,,N,2,0,1,2,A,-,09,21804,A,F,A,G,A,A,H,-,A,D,0,,Y,,,Y,,A,01,1,0,0,0,0,0,1,0,0,"- ","- ",33.962589263916016,-118.18028259277344,"LOS ANGELES",CUDAHY,-118.1802978515625,33.962577819824219
9661254,2023,2024-02-23,1900,2023-08-13,1230,658622,2824,7,5,5,1915,0,0,0,,0,282T1,"SANTA FE AV","COMPTON BL",181.00,N,N,A,-,N,,,,,,,,,,N,2,0,1,2,A,-,08,22107,,N,A,-,A,A,H,-,A,D,0,,Y,,,Y,,L,04,1,0,0,0,0,0,1,0,0,"- ","- ",33.896640777587891,-118.21581268310547,"LOS ANGELES",COMPTON,-118.21582794189453,33.896495819091797
9661258,2023,2024-08-30,1900,2023-08-26,2120,630973,0251,6,5,4,1945,0,0,0,,0,28T,"RANDOLPH ST","WOODWARD AV",0.00,,Y,A,-,N,,,,,,,,,,N,3,0,1,2,A,-,09,21801,B,N,H,G,A,A,H,-,B,D,0,,Y,,,Y,,L,04,0,1,0,0,0,0,1,0,0,"- ","- ",,,"LOS ANGELES",MAYWOOD,-118.18537139892578,33.981571197509766
9661558,2023,2024-02-01,1916,2023-12-30,1539,2956,D28C1,6,5,4,1916,0,0,0,,0,DOWNTO,"SAN BERNARDINO RD","CITRUS AV",0.00,,Y,B,-,N,,,,,,,,,,N,3,0,1,2,A,-,01,23152,F,N,D,G,A,A,H,-,A,A,0,,Y,,,Y,,A,01,0,1,0,0,0,0,1,0,0,"- ","- ",34.090198516845703,-117.89015197753906,"LOS ANGELES",COVINA,-117.89017486572266,34.090183258056641
9661604,2023,2024-03-01,1941,2023-03-05,0008,11374,WEST,7,5,7,1941,0,0,0,,0,005,"EAST PACIFIC COAST HWY","MARTIN LUTHER KING",77.00,W,N,A,-,Y,LA,7,1,-,-,5.780,H,-,N,N,3,0,1,2,A,-,03,22350,,F,B,G,A,A,H,-,C,A,0,,Y,,,Y,,-,99,0,1,0,0,0,0,1,0,0,"- ","- ",33.789859771728516,-118.18068695068359,"LOS ANGELES","LONG BEACH",-118.18099212646484,33.7899169921875
9661787,2023,2024-04-18,1941,2023-08-07,2137,11806,WEST,1,5,7,1941,0,0,0,,0,003,"PACIFIC AV","WILLOW ST",36960.00,N,N,A,-,N,,,,,,,,,,N,2,0,1,2,A,-,10,21950,A,F,D,G,A,A,H,-,C,A,0,,Y,,,Y,,-,99,1,0,0,0,0,0,1,0,0,"- ","- ",,,"LOS ANGELES","LONG BEACH",-118.19400787353516,33.815288543701172
9661913,2023,2024-01-31,1900,2023-12-06,1405,634145,0562,3,5,3,1968,0,0,0,,0,55T1P,"DURFEE AV","THIENES AV",390.00,N,N,A,-,N,,,,,,,,,,N,3,0,1,2,A,-,05,21650,,N,D,G,A,A,H,-,A,D,0,,Y,,,Y,,L,04,0,1,0,0,0,0,1,0,0,"- ","- ",34.043899536132812,-118.03179931640625,"LOS ANGELES","SOUTH EL MONTE",-118.03207397460938,34.043937683105469
9662351,2023,2024-02-29,1942,2023-12-02,1010,44844,1675,6,5,7,1942,0,0,0,P,0,26TL19,"TUXFORD ST","GLENOAKS BL",0.00,,Y,A,-,N,,,,,,,,,,Y,2,0,1,2,A,-,08,22101,D,N,D,G,A,A,H,-,A,A,0,,Y,,,Y,,A,01,1,0,0,0,0,0,1,0,0,"- ","- ",,,"LOS ANGELES","LOS ANGELES",-118.37134552001953,34.234489440917969
9662358,2023,2024-02-12,1942,2023-12-03,1440,34265,1781,7,5,7,1942,0,0,0,Q,0,26TL46,"PARTHENIA ST","LURLINE AV",150.00,W,N,A,-,N,,,,,,,,,,N,2,0,1,2,A,-,08,22100,B,N,D,G,A,A,H,-,A,A,0,,Y,,,Y,,L,04,1,0,0,0,0,0,1,0,0,"- ","- ",,,"LOS ANGELES","LOS ANGELES",-118.58469390869141,34.228195190429688
9662757,2023,2024-02-10,1941,2023-12-18,1406,11417,EAST,1,5,7,1941,0,0,0,,0,014,"E BURNETT ST","REDONDO AV",0.00,,Y,A,-,N,,,,,,,,,,N,4,0,1,2,D,-,00,,,N,D,G,A,A,H,-,A,A,0,,Y,,,Y,,-,"- ",0,0,1,0,0,0,1,0,0,"- ","- ",33.801448822021484,-118.1513671875,"LOS ANGELES","LONG BEACH",-118.15138244628906,33.801460266113281
9662764,2023,2024-02-10,1941,2023-08-30,1514,10238,EAST,3,5,7,1941,0,0,0,,0,015,"LOS SANTOS DR","LEES AV",0.00,,N,A,-,N,,,,,,,,,,N,2,0,1,2,A,-,09,21801,,N,G,G,A,A,H,-,A,D,0,,Y,,,Y,,L,04,1,0,0,0,0,0,1,0,0,"- ","- ",33.792350769042969,-118.09763336181641,"LOS ANGELES","LONG BEACH",-118.09821319580078,33.79217529296875
9662776,2023,2024-02-10,1941,2023-07-11,1329,10167,WEST,2,5,7,1941,0,0,0,,0,005,"E HILL ST","OLIVE AV",0.00,,N,A,-,N,,,,,,,,,,N,3,0,1,2,A,-,05,21202,A,N,D,G,A,A,H,-,A,A,0,,Y,,,Y,,L,04,0,1,0,0,0,0,1,0,0,"- ","- ",33.797130584716797,-118.18285369873047,"LOS ANGELES","LONG BEACH",-118.18286895751953,33.797134399414062
9662855,2023,2024-02-23,1941,2023-03-31,2045,11825,NORTH,5,5,7,1941,0,0,0,,0,024,"CHERRY AV","CURRY ST",0.00,,-,A,-,N,,,,,,,,,,,3,0,1,2,A,-,09,21802,A,F,H,G,A,A,H,-,C,D,0,,Y,,,Y,,-,99,0,1,0,0,0,0,1,0,0,"- ","- ",33.866489410400391,-118.16864013671875,"LOS ANGELES","LONG BEACH",-118.16860961914062,33.866458892822266
9662904,2023,2024-02-21,1900,2023-12-16,2135,655204,1332,6,5,5,1908,0,0,0,,0,133E,"SOMERSET BL","BETTY JEAN AV",2.00,W,N,A,-,N,,,,,,,,,,N,3,0,1,2,A,-,14,21201,D,N,G,G,A,A,H,-,D,D,0,,Y,,,Y,,L,04,0,1,0,0,0,0,1,0,0,"- ","- ",,,"LOS ANGELES",BELLFLOWER,-118.13191986083984,33.896709442138672
9664181,2023,2024-03-23,1900,2023-11-06,1620,655208,1331,1,5,5,1908,0,0,0,,0,133T2,"BELLFLOWER BL","ROSECRANS AV",50.00,N,N,A,-,N,,,,,,,,,,N,4,0,1,2,D,-,00,,,N,D,G,A,A,H,-,A,D,0,,Y,,,Y,,-,"- ",0,0,1,0,0,0,1,0,0,"- ","- ",,,"LOS ANGELES",BELLFLOWER,-118.12532806396484,33.902107238769531
9666287,2023,2024-07-24,1946,2023-12-05,0930,P18,1946,2,5,4,1946,0,0,0,,0,003,"IVY AV",COLORADO,5.00,S,N,A,-,N,,,,,,,,,,N,3,0,1,2,A,-,17,22517,,N,H,G,A,A,H,-,A,A,0,,Y,,,Y,Y,A,01,0,1,0,0,0,0,1,0,0,"- ","- ",,,"LOS ANGELES",MONROVIA,-117.99874877929688,34.145904541015625
9666567,2023,2024-03-12,1900,2023-12-14,0755,529141,1512,4,5,5,1954,0,0,0,,0,151T1,"DURFEE AV","OLYMPIC BL",0.00,,Y,A,-,N,,,,,,,,,,N,4,0,1,2,A,-,03,22350,,N,D,G,A,A,H,-,A,D,0,,Y,,,Y,,D,22,0,0,1,0,0,0,1,0,0,"- ","- ",34.004501342773438,-118.07779693603516,"LOS ANGELES","PICO RIVERA",-118.0777587890625,34.004547119140625
9667465,2023,2024-02-23,1918,2023-12-04,2005,1086,,1,5,4,1918,0,0,0,,0,4T26,"WASHINGTON BL","SAWTELLE BL",0.00,,Y,A,-,N,,,,,,,,,,N,3,0,1,2,A,-,05,21650,1,N,A,C,A,A,H,-,C,A,0,,Y,,,Y,,L,04,0,1,0,0,0,0,1,0,0,"- ","- ",34.004238128662109,-118.41457366943359,"LOS ANGELES","CULVER CITY",-118.41464996337891,34.004196166992188
9668072,2023,2024-03-22,1942,2023-07-04,1505,44427,0803,2,5,7,1942,0,0,0,H,0,8A13,"CASALE RD","CAPRI DR",129.00,W,N,A,-,N,,,,,,,,,,N,3,0,1,2,A,-,03,22350,,N,B,-,A,A,H,-,A,D,0,,Y,,,Y,,L,04,0,1,0,0,0,0,1,0,0,"- ","- ",,,"LOS ANGELES","LOS ANGELES",-118.50395202636719,34.060920715332031
9669384,2023,2024-04-10,1941,2023-12-30,1810,11797,WEST,6,5,7,1941,0,0,0,,0,003,"PACIFIC AV","GUNTHER WY",13.00,S,N,A,-,N,,,,,,,,,,N,2,0,1,2,A,-,05,21650,1,N,D,G,A,A,H,-,C,D,0,,Y,,,Y,Y,L,04,1,0,0,0,0,0,1,0,0,"- ","- ",33.799339294433594,-118.19371795654297,"LOS ANGELES","LONG BEACH",-118.19367218017578,33.799304962158203
9670392,2023,2024-04-04,1941,2023-12-03,1739,11227,EAST,7,5,7,1941,0,0,0,,0,011,"E ANAHEIM ST","DAWSON AV",0.00,,Y,A,-,N,,,,,,,,,,Y,4,0,1,2,C,-,18,,,N,D,G,A,A,H,-,C,D,0,,Y,,,Y,,-,"- ",0,0,1,0,0,0,1,0,0,"- ","- ",33.782600402832031,-118.16548156738281,"LOS ANGELES","LONG BEACH",-118.16551208496094,33.782596588134766
9671051,2023,2024-02-29,1900,2023-11-14,1830,658320,1264,2,5,3,1991,0,0,0,,0,121T1,"HIGHLAND AV","BERKSHIREE AV",0.00,,Y,A,-,N,,,,,,,,,,N,3,0,1,2,A,-,09,21800,C,N,D,-,A,A,H,-,C,A,0,,Y,,,Y,,J,48,0,1,0,0,0,0,1,0,0,"- ","- ",34.186470031738281,-118.1805419921875,"LOS ANGELES","LA CANADA-FLINTRIDGE",-118.18051910400391,34.1864013671875
9671394,2023,2024-03-28,1942,2023-07-23,1450,43958,0678,7,5,7,1942,0,0,0,F,0,27TL42,"WESTERN AV","SIERRA VISTA AV",115.00,N,N,A,-,N,,,,,,,,,,N,4,0,1,2,A,-,09,21801,B,N,H,G,A,A,H,-,A,D,0,,Y,,,Y,,L,04,0,0,1,0,0,0,1,0,0,"- ","- ",,,"LOS ANGELES","LOS ANGELES",-118.30916595458984,34.089855194091797
9671637,2023,2024-03-21,1900,2023-10-11,1430,540340,0332,3,5,4,1939,0,0,0,,0,35T1,"HAWTHORNE BL","154TH ST",0.00,,Y,A,-,N,,,,,,,,,,N,3,0,1,2,A,-,09,21453,B,N,H,G,A,A,H,-,C,A,0,,Y,,,Y,,D,22,0,1,0,0,0,0,1,0,0,"- ","- ",33.890968322753906,-118.35285186767578,"LOS ANGELES",LAWNDALE,-118.35273742675781,33.891010284423828
9672548,2023,2024-03-12,1941,2023-12-16,1025,10922,EAST,6,5,7,1941,0,0,0,,0,016,"LAKEWOOD BL","E. CARSON ST",0.00,,Y,A,-,N,,,,,,,,,,N,3,0,1,2,A,-,11,21453,D,N,D,G,A,A,H,-,A,A,0,,Y,,,Y,,L,04,0,1,0,0,0,0,1,0,0,"- ","- ",33.832351684570312,-118.14256286621094,"LOS ANGELES","LONG BEACH",-118.14263916015625,33.832286834716797
9673489,2023,2024-07-08,1942,2023-12-19,1930,41979,LOSAN,2,5,7,1942,0,0,0,,0,0152,LEBANON,"7TH ST",0.00,,Y,C,-,N,,,,,,,,,,Y,3,0,3,2,D,-,00,,,N,D,G,A,A,-,-,B,-,0,,Y,,,Y,,-,"- ",0,2,1,0,0,0,1,0,0,"- ","- ",,,"LOS ANGELES","LOS ANGELES",-118.25924682617188,34.049007415771484
9674188,2023,2024-04-26,1942,2023-12-27,0555,34458,1124,3,5,7,1942,0,0,0,K,0,24TL26,"SAN FERNANDO RD","RT 2",22.00,N,N,A,-,Y,LA,7,2,-,-,15.925,R,3,W,N,2,0,1,2,A,-,09,21801,A,N,D,G,A,A,H,-,E,A,0,,Y,,,Y,,I,20,1,0,0,0,0,0,1,0,0,"- ","- ",,,"LOS ANGELES","LOS ANGELES",-118.24558258056641,34.112522125244141
9674759,2023,2024-03-20,1942,2023-12-05,2215,34332,0457,2,5,7,1942,0,0,0,D,0,24T31,"EVERGREEN AV","MICHIGAN AV",0.00,,Y,A,-,N,,,,,,,,,,N,3,0,1,2,A,-,03,22350,,F,D,G,A,A,H,-,C,A,0,,Y,,,Y,,-,99,0,1,0,0,0,0,1,0,0,"- ","- ",,,"LOS ANGELES","LOS ANGELES",-118.20140838623047,34.041961669921875
9674852,2023,2024-03-21,1942,2023-12-23,1750,45520,0857,6,5,7,1942,0,0,0,H,0,8A95,"W PICO BL","S CREST DR",10.00,W,N,A,-,N,,,,,,,,,,N,3,0,1,2,A,-,08,22107,,F,B,G,A,A,H,-,C,D,0,,Y,,,Y,,-,99,0,1,0,0,0,0,1,0,0,"- ","- ",,,"LOS ANGELES","LOS ANGELES",-118.38786315917969,34.055259704589844
9675285,2023,2024-03-02,1907,2023-10-16,0740,249,1,1,5,4,1907,0,0,0,,0,,"FLORENCE AV","CORONA AV",10.00,E,N,A,-,N,,,,,,,,,,N,3,0,1,2,A,-,12,22450,,N,H,G,A,A,H,-,A,A,0,,Y,,,Y,,L,04,0,1,0,0,0,0,1,0,0,"- ","- ",33.971450805664062,-118.19895172119141,"LOS ANGELES",BELL,-118.19677734375,33.971237182617188
9675287,2023,2024-03-02,1961,2023-10-22,1716,10502,1961,7,5,3,1961,0,0,0,,0,001,"SAN FERNANDO RD","SAN FERNANDO MISSION BL",0.00,W,N,A,-,N,,,,,,,,,,N,4,0,1,2,A,-,02,21654,,M,D,G,A,A,H,-,A,D,0,,Y,,,Y,,L,04,0,0,1,0,0,0,1,0,0,"- ","- ",,,"LOS ANGELES","SAN FERNANDO",-118.44295501708984,34.284168243408203
9675292,2023,2024-03-02,1907,2023-10-12,1947,253,2,4,5,4,1907,0,0,0,,0,,"FLORENCE AV","WILCOX AV",29.00,E,N,A,-,N,,,,,,,,,,Y,3,0,1,3,A,-,12,21453,A,N,D,C,A,A,H,-,C,A,0,,Y,,,Y,,A,01,0,1,0,0,0,0,1,0,0,"- ","- ",33.969039916992188,-118.17604064941406,"LOS ANGELES",BELL,-118.17775726318359,33.969230651855469
9675296,2023,2024-03-02,1907,2023-10-31,1530,251,3,2,5,4,1907,0,0,0,,0,,BANDINI,"WILEY POST RD",387.00,W,N,A,-,N,,,,,,,,,,N,3,0,1,2,A,-,12,22450,A,M,H,G,A,A,H,-,A,D,0,,Y,,,Y,,A,01,0,1,0,0,0,0,1,0,0,"- ","- ",33.992141723632812,-118.1611328125,"LOS ANGELES",BELL,-118.16268157958984,33.993915557861328
9675311,2023,2024-03-05,1900,2023-11-25,1203,648577,1366,6,5,5,1952,0,0,0,,0,136T1,"ALONDRA BL","ORANGE AV",0.00,,Y,A,-,N,,,,,,,,,,N,2,0,1,2,A,-,05,21650,,N,D,-,A,A,H,-,A,A,0,,Y,,,Y,,L,04,1,0,0,0,0,0,1,0,0,"- ","- ",,,"LOS ANGELES",PARAMOUNT,-118.17754364013672,33.889167785644531
9675459,2023,2024-02-24,1941,2023-07-19,1740,10923,WEST,3,5,7,1941,0,0,0,,0,003,"W 28TH ST","PACIFIC AV",0.00,E,N,A,-,N,,,,,,,,,,N,3,0,1,2,D,-,00,,,F,B,G,A,A,H,-,A,D,0,,Y,,,Y,,-,"- ",0,1,0,0,0,0,1,0,0,"- ","- ",33.808021545410156,-118.19371032714844,"LOS ANGELES","LONG BEACH",-118.19371795654297,33.808013916015625
9675482,2023,2024-03-06,1918,2023-11-17,1758,1182,,5,5,4,1918,0,0,0,,0,4Z22,"SLAUSON AV","HANNUM AV",669.00,E,N,A,-,N,,,,,,,,,,,4,0,1,2,A,-,05,21650,,N,D,-,A,A,H,-,C,A,0,,Y,,,Y,Y,L,04,0,0,1,0,0,0,1,0,0,"- ","- ",33.988418579101562,-118.39190673828125,"LOS ANGELES","CULVER CITY",-118.38970184326172,33.988788604736328
9675485,2023,2024-02-28,1907,2023-09-04,1118,260,1,1,5,4,1907,0,0,0,,0,,"BELL AV","CALIFORNIA AV",8.00,E,N,A,-,N,,,,,,,,,,N,3,0,1,2,A,-,12,22450,A,M,D,D,A,A,H,-,A,A,0,,Y,,,Y,,A,01,0,1,0,0,0,0,1,0,0,"- ","- ",33.976028442382812,-118.20262908935547,"LOS ANGELES",BELL,-118.20262145996094,33.976028442382812
9675505,2023,2024-03-01,1918,2023-10-29,0958,1216,1918,7,5,4,1918,0,0,0,,0,4A3D,"OVERLAND AV","FARRAGUT DR",0.00,,Y,A,-,N,,,,,,,,,,N,3,0,1,2,A,-,09,21801,A,N,D,G,A,A,H,-,A,A,0,,Y,,,Y,,A,01,0,1,0,0,0,0,1,0,0,"- ","- ",34.010429382324219,-118.39922332763672,"LOS ANGELES","CULVER CITY",-118.39920043945312,34.010379791259766
9675508,2023,2024-02-29,1900,2023-10-10,1305,642584,2846,2,5,5,1915,0,0,0,,0,284,"LONG BEACH BL","COMPTON BL",375.00,S,N,A,-,N,,,,,,,,,,N,4,0,1,2,A,-,03,22350,,N,H,G,A,A,H,-,A,D,0,,Y,,,Y,,M,91,0,0,1,0,0,0,1,0,0,"- ","- ",33.894840240478516,-118.20778656005859,"LOS ANGELES",COMPTON,-118.20803070068359,33.896030426025391
9675546,2023,2024-03-07,1942,2023-11-15,0945,45503,0101,3,5,7,1942,0,0,0,A,0,1A61,"SUNSET BL","BEAUDRY AV",0.00,,Y,B,-,N,,,,,,,,,,N,4,0,1,2,A,-,08,22107,,F,D,G,A,A,H,-,A,A,0,,Y,,,Y,,-,99,0,0,1,0,0,0,1,0,0,"- ","- ",,,"LOS ANGELES","LOS ANGELES",-118.24923706054688,34.065250396728516
9675562,2023,2024-02-28,1942,2023-09-24,1005,33998,2055,7,5,7,1942,0,0,0,,0,27M24,"KENMORE AV","OLYMPIC BL",4.00,S,N,A,-,N,,,,,,,,,,N,4,0,1,2,A,-,05,21202,A,F,D,G,A,A,H,-,A,D,0,,Y,,,Y,,L,04,0,0,1,0,0,0,1,0,0,"- ","- ",,,"LOS ANGELES","LOS ANGELES",-118.29685211181641,34.052650451660156
9675795,2023,2024-03-09,1900,2023-08-07,0835,622922,0973,1,5,4,1979,0,0,0,,0,92T3,"SANTA MONICA BL","POINSETTIA PL",32.00,E,-,A,-,N,,,,,,,,,,N,3,0,1,2,-,I,"- ",,,N,C,C,A,A,H,-,A,A,0,,Y,,,Y,,L,04,0,1,0,0,0,0,1,0,0,"- ","- ",34.090671539306641,-118.34864044189453,"LOS ANGELES","WEST HOLLYWOOD",-118.34856414794922,34.090740203857422
9678097,2023,2024-03-07,1942,2023-12-03,1100,42412,0245,7,5,7,1942,0,0,0,B,0,2A75,"ALVARADO ST","7TH ST",0.00,,Y,A,-,N,,,,,,,,,,N,4,0,1,2,A,-,17,22517,,F,D,G,A,A,-,-,A,D,0,,Y,,,Y,,-,99,0,0,1,0,0,0,1,0,0,"- ","- ",,,"LOS ANGELES","LOS ANGELES",-118.27680969238281,34.056476593017578
9678576,2023,2024-04-26,1941,2023-12-05,1921,11931,EAST,2,5,7,1941,0,0,0,,0,013,"CAMPUS ST","7TH ST",0.00,,Y,A,-,Y,LA,7,22,-,-,0.631,I,5,W,,4,0,1,2,A,-,10,21950,,N,G,G,A,A,H,-,C,A,0,,Y,,,Y,,A,01,0,0,1,0,0,0,1,0,0,"- ","- ",33.775028228759766,-118.11170196533203,"LOS ANGELES","LONG BEACH",-118.11186218261719,33.775104522705078
9678844,2023,2024-03-16,1900,2023-07-04,1246,606099,0972,2,5,4,1979,0,0,0,,0,92T1,"ALMONT DR","SANTA MONICA BL",30.00,S,N,A,-,N,,,,,,,,,,N,3,0,1,2,A,-,03,22350,,N,A,D,A,A,H,-,A,A,0,,Y,,,Y,,L,04,0,1,0,0,0,0,1,0,0,"- ","- ",34.082088470458984,-118.38777923583984,"LOS ANGELES","WEST HOLLYWOOD",-118.3878173828125,34.0821533203125
9679016,2023,2024-03-26,1941,2023-08-30,0750,10125,SOUTH,3,5,7,1941,0,0,0,,0,008,"EAST OCEAN BL","ESPERANZA AV",0.00,,Y,A,-,N,,,,,,,,,,N,4,0,1,2,A,-,09,21804,A,N,D,G,A,A,H,-,A,D,0,,Y,,,Y,,L,04,0,0,1,0,0,0,1,0,0,"- ","- ",33.76544189453125,-118.17558288574219,"LOS ANGELES","LONG BEACH",-118.17559051513672,33.765426635742188
9679085,2023,2024-04-03,1941,2023-09-24,1533,11001,NORTH,7,5,7,1941,0,0,0,,0,020,"E WARDLOW RD","OLIVE AV",0.00,S,N,A,-,N,,,,,,,,,,N,4,0,1,2,A,-,05,21202,A,N,D,G,A,A,H,-,A,D,0,,Y,,,Y,,L,04,0,0,1,0,0,0,1,0,0,"- ","- ",33.81890869140625,-118.18285369873047,"LOS ANGELES","LONG BEACH",-118.18286895751953,33.818912506103516
9679143,2023,2024-03-19,1941,2023-08-01,1657,11819,SOUTH,2,5,7,1941,0,0,0,,0,006,"PACIFIC AV","W 4TH ST",0.00,,Y,A,-,N,,,,,,,,,,N,3,0,1,2,A,-,12,21453,A,N,H,B,A,A,H,-,A,A,0,,Y,,,Y,,L,04,0,1,0,0,0,0,1,0,0,"- ","- ",33.771701812744141,-118.19373321533203,"LOS ANGELES","LONG BEACH",-118.19371795654297,33.771743774414062
9679286,2023,2024-03-19,1941,2023-08-09,1800,11818,NORTH,3,5,7,1941,0,0,0,,0,021,"55TH ST 1519","WALNUT AV",137.00,W,N,A,-,N,,,,,,,,,,N,3,0,1,2,A,-,10,21950,C,F,H,G,A,A,H,-,A,D,0,,Y,,,Y,,A,01,0,1,0,0,0,0,1,0,0,"- ","- ",33.856060028076172,-118.17430114746094,"LOS ANGELES","LONG BEACH",-118.1739501953125,33.856010437011719
9679325,2023,2024-03-18,1900,2023-09-17,2222,644558,0972,7,5,4,1979,0,0,0,,0,93T2,"BEVERLY BL","LA PEER DR",85.00,W,N,A,-,N,,,,,,,,,,N,2,0,1,2,A,-,08,22107,,N,B,G,A,A,H,-,C,D,0,,Y,,,Y,,L,04,1,0,0,0,0,0,1,0,0,"- ","- ",34.077251434326172,-118.38717651367188,"LOS ANGELES","WEST HOLLYWOOD",-118.38706970214844,34.077190399169922
9679620,2023,2024-06-24,1941,2023-08-04,2130,10365,EAST,5,5,7,1941,0,0,0,,0,018,"E CARSON ST","LOS COYOTES DIAGONAL",0.00,,Y,A,-,N,,,,,,,,,,N,4,0,1,2,D,-,00,,,N,H,G,A,A,H,-,C,A,0,,Y,,,Y,,-,"- ",0,0,1,0,0,0,1,0,0,"- ","- ",33.832218170166016,-118.09893035888672,"LOS ANGELES","LONG BEACH",-118.09890747070312,33.832294464111328
9680009,2023,2024-05-29,1941,2023-12-18,0504,11576,SOUTH,1,5,7,1941,0,0,0,,0,009,BROADWAY,"CHERRY AV",0.00,,Y,B,-,N,,,,,,,,,,N,4,0,1,2,D,-,00,,,N,D,G,A,A,H,-,C,A,0,,Y,,,Y,,-,"- ",0,0,1,0,0,0,1,0,0,"- ","- ",33.767288208007812,-118.16790008544922,"LOS ANGELES","LONG BEACH",-118.16789245605469,33.767288208007812
9680099,2023,2024-03-30,1941,2023-08-04,1505,11813,2,5,5,7,1941,0,0,0,,0,011,"EAST 10TH ST","REDONDO AV",0.00,,Y,A,-,N,,,,,,,,,,N,3,0,1,2,A,-,12,21453,,F,H,G,A,A,H,-,A,A,0,,Y,,,Y,,A,01,0,1,0,0,0,0,1,0,0,"- ","- ",37.789638519287109,-118.15241241455078,"LOS ANGELES","LONG BEACH",-118.15243530273438,33.778987884521484
9680121,2023,2024-03-30,1941,2023-10-16,2140,10229,SOUTH,1,5,7,1941,0,0,0,,0,007,"EAST 10TH ST","MARTIN LUTHER KING AV",0.00,,N,E,-,N,,,,,,,,,,N,4,0,1,2,A,-,17,22517,,F,C,G,A,A,H,-,C,D,0,,Y,,,Y,,A,07,0,0,1,0,0,0,1,0,0,"- ","- ",33.778968811035156,-118.18068695068359,"LOS ANGELES","LONG BEACH",-118.18070220947266,33.778980255126953
9680614,2023,2024-04-27,1905,2023-10-13,1532,1212,323,5,5,4,1905,0,0,0,,0,003,"FOOTHILL BL","PASADENA AV",0.00,,Y,A,-,N,,,,,,,,,,N,3,0,1,2,A,-,09,21801,B,N,D,G,A,A,H,-,A,A,0,,Y,,,Y,,L,04,0,1,0,0,0,0,1,0,0,"- ","- ",34.133449554443359,-117.90244293212891,"LOS ANGELES",AZUSA,-117.90245056152344,34.133453369140625